{
  "TotalSpawnPoint": 3,
  "SpawnPoints": [
    {
      "Position": {
        "X": -432.0,
        "Y": -464.0,
        "Z": -880.0
      },
      "LocalPosition": {
        "X": 5.366089,
        "Y": -12.5500488,
        "Z": -14.5874023
      },
      "LocalRotation": {
        "X": -0.017452471,
        "Y": 0.0,
        "Z": 0.9998477,
        "W": 0.0
      },
      "AllowedTypes": 16
    },
    {
      "Position": {
        "X": -432.0,
        "Y": -464.0,
        "Z": -880.0
      },
      "LocalPosition": {
        "X": 7.37097168,
        "Y": -8.526611,
        "Z": -13.4433594
      },
      "LocalRotation": {
        "X": -0.674379766,
        "Y": 0.212631136,
        "Z": -0.212631136,
        "W": 0.674379766
      },
      "AllowedTypes": 16
    },
    {
      "Position": {
        "X": -432.0,
        "Y": -464.0,
        "Z": -880.0
      },
      "LocalPosition": {
        "X": 7.531128,
        "Y": -8.385498,
        "Z": -9.372437
      },
      "LocalRotation": {
        "X": -0.691654861,
        "Y": 0.691654861,
        "Z": 0.14701575,
        "W": 0.14701575
      },
      "AllowedTypes": 3
    }
  ]
}