{
  "TotalSpawnPoint": 1,
  "SpawnPoints": [
    {
      "Position": {
        "X": -304.0,
        "Y": 16.0,
        "Z": 144.0
      },
      "LocalPosition": {
        "X": 12.1303711,
        "Y": -11.2026367,
        "Z": -10.3613281
      },
      "LocalRotation": {
        "X": 0.127467588,
        "Y": -0.180979878,
        "Z": 0.951041,
        "W": -0.215683416
      },
      "AllowedTypes": 3
    }
  ]
}