{
  "TotalSpawnPoint": 2,
  "SpawnPoints": [
    {
      "Position": {
        "X": -304.0,
        "Y": 48.0,
        "Z": -816.0
      },
      "LocalPosition": {
        "X": 11.01001,
        "Y": 10.8899994,
        "Z": 14.9400024
      },
      "LocalRotation": {
        "X": -0.193459183,
        "Y": -0.216810733,
        "Z": 0.170873433,
        "W": 0.941471636
      },
      "AllowedTypes": 16
    },
    {
      "Position": {
        "X": -304.0,
        "Y": 48.0,
        "Z": -784.0
      },
      "LocalPosition": {
        "X": 12.2160034,
        "Y": 3.48199844,
        "Z": 1.89001465
      },
      "LocalRotation": {
        "X": -0.193459183,
        "Y": -0.216810733,
        "Z": 0.170873433,
        "W": 0.941471636
      },
      "AllowedTypes": 16
    }
  ]
}