{
  "TotalSpawnPoint": 4,
  "SpawnPoints": [
    {
      "Position": {
        "X": -304.0,
        "Y": 16.0,
        "Z": -752.0
      },
      "LocalPosition": {
        "X": 12.431,
        "Y": 4.5890007,
        "Z": 2.887024
      },
      "LocalRotation": {
        "X": 0.6450507,
        "Y": -0.112663247,
        "Z": 0.406218976,
        "W": 0.637340367
      },
      "AllowedTypes": 1
    },
    {
      "Position": {
        "X": -304.0,
        "Y": 16.0,
        "Z": -752.0
      },
      "LocalPosition": {
        "X": 4.93099976,
        "Y": 3.014,
        "Z": 6.333008
      },
      "LocalRotation": {
        "X": -0.0095506,
        "Y": -0.8895081,
        "Z": 0.00562889734,
        "W": 0.456784874
      },
      "AllowedTypes": 1
    },
    {
      "Position": {
        "X": -304.0,
        "Y": 16.0,
        "Z": -752.0
      },
      "LocalPosition": {
        "X": 9.085999,
        "Y": 4.39800072,
        "Z": 7.258972
      },
      "LocalRotation": {
        "X": 0.537465036,
        "Y": -0.374051839,
        "Z": 0.6370074,
        "W": 0.406740934
      },
      "AllowedTypes": 1
    },
    {
      "Position": {
        "X": -304.0,
        "Y": 16.0,
        "Z": -752.0
      },
      "LocalPosition": {
        "X": -0.6300049,
        "Y": 3.58600044,
        "Z": 4.23199463
      },
      "LocalRotation": {
        "X": 0.603394449,
        "Y": 0.0,
        "Z": 0.0,
        "W": 0.7974429
      },
      "AllowedTypes": 1
    }
  ]
}