{
  "TotalSpawnPoint": 4,
  "SpawnPoints": [
    {
      "Position": {
        "X": -48.0,
        "Y": 16.0,
        "Z": 208.0
      },
      "LocalPosition": {
        "X": 6.02442551,
        "Y": 0.0349636078,
        "Z": 0.7942505
      },
      "LocalRotation": {
        "X": 0.118000068,
        "Y": 0.611515641,
        "Z": -0.535670042,
        "W": -0.570247531
      },
      "AllowedTypes": 16
    },
    {
      "Position": {
        "X": -48.0,
        "Y": 16.0,
        "Z": 208.0
      },
      "LocalPosition": {
        "X": 8.685219,
        "Y": 0.227672577,
        "Z": -1.29621887
      },
      "LocalRotation": {
        "X": -0.0998204648,
        "Y": 0.8335055,
        "Z": -0.498837322,
        "W": -0.215559214
      },
      "AllowedTypes": 16
    },
    {
      "Position": {
        "X": -48.0,
        "Y": 16.0,
        "Z": 208.0
      },
      "LocalPosition": {
        "X": 15.7634506,
        "Y": -1.03267765,
        "Z": -5.201996
      },
      "LocalRotation": {
        "X": -0.07898029,
        "Y": 0.853767931,
        "Z": -0.45266825,
        "W": -0.244814023
      },
      "AllowedTypes": 16
    },
    {
      "Position": {
        "X": -16.0,
        "Y": 16.0,
        "Z": 208.0
      },
      "LocalPosition": {
        "X": -12.3774147,
        "Y": -2.36614418,
        "Z": -7.96972656
      },
      "LocalRotation": {
        "X": 0.35340932,
        "Y": 0.06381447,
        "Z": -0.19547376,
        "W": -0.9125895
      },
      "AllowedTypes": 16
    }
  ]
}