{
  "TotalSpawnPoint": 1,
  "SpawnPoints": [
    {
      "Position": {
        "X": 16.0,
        "Y": -176.0,
        "Z": -880.0
      },
      "LocalPosition": {
        "X": -13.1518555,
        "Y": -7.85546875,
        "Z": -1.91577148
      },
      "LocalRotation": {
        "X": -0.8850856,
        "Y": -0.05668524,
        "Z": 0.0166218877,
        "W": 0.461664468
      },
      "AllowedTypes": 3
    }
  ]
}