{
  "TotalSpawnPoint": 1,
  "SpawnPoints": [
    {
      "Position": {
        "X": 848.0,
        "Y": -624.0,
        "Z": -560.0
      },
      "LocalPosition": {
        "X": -14.77124,
        "Y": -12.8525391,
        "Z": -8.339966
      },
      "LocalRotation": {
        "X": 0.19176133,
        "Y": 0.06564594,
        "Z": -0.9057117,
        "W": -0.372296333
      },
      "AllowedTypes": 3
    }
  ]
}