{
  "TotalSpawnPoint": 1,
  "SpawnPoints": [
    {
      "Position": {
        "X": 1008.0,
        "Y": -560.0,
        "Z": -1072.0
      },
      "LocalPosition": {
        "X": 9.166748,
        "Y": -12.8259277,
        "Z": -11.5131836
      },
      "LocalRotation": {
        "X": -0.127368242,
        "Y": 0.8335107,
        "Z": 0.084090054,
        "W": 0.531004846
      },
      "AllowedTypes": 3
    }
  ]
}