{
  "TotalSpawnPoint": 1,
  "SpawnPoints": [
    {
      "Position": {
        "X": 1008.0,
        "Y": -16.0,
        "Z": -1392.0
      },
      "LocalPosition": {
        "X": -16.0001221,
        "Y": -9.280443,
        "Z": -5.23352051
      },
      "LocalRotation": {
        "X": 0.0,
        "Y": 0.551937,
        "Z": 0.0,
        "W": 0.833885849
      },
      "AllowedTypes": 16
    }
  ]
}