{
  "TotalSpawnPoint": 1,
  "SpawnPoints": [
    {
      "Position": {
        "X": -1584.0,
        "Y": -176.0,
        "Z": -880.0
      },
      "LocalPosition": {
        "X": 15.8724365,
        "Y": 15.193634,
        "Z": -2.59320068
      },
      "LocalRotation": {
        "X": 0.167918921,
        "Y": 0.5446363,
        "Z": 0.6593099,
        "W": 0.490392685
      },
      "AllowedTypes": 16
    }
  ]
}