{
  "TotalSpawnPoint": 1,
  "SpawnPoints": [
    {
      "Position": {
        "X": 1168.0,
        "Y": -528.0,
        "Z": -912.0
      },
      "LocalPosition": {
        "X": -11.1860352,
        "Y": 0.115234375,
        "Z": -10.0673828
      },
      "LocalRotation": {
        "X": 0.09481463,
        "Y": 0.900974035,
        "Z": -0.244218558,
        "W": -0.34585166
      },
      "AllowedTypes": 3
    }
  ]
}