{
  "TotalSpawnPoint": 1,
  "SpawnPoints": [
    {
      "Position": {
        "X": 1424.0,
        "Y": -816.0,
        "Z": -112.0
      },
      "LocalPosition": {
        "X": -15.4649658,
        "Y": 2.301941,
        "Z": -15.8476715
      },
      "LocalRotation": {
        "X": 0.336951584,
        "Y": 0.293855458,
        "Z": -0.6199489,
        "W": 0.6448069
      },
      "AllowedTypes": 16
    }
  ]
}