{
  "TotalSpawnPoint": 3,
  "SpawnPoints": [
    {
      "Position": {
        "X": -1424.0,
        "Y": -16.0,
        "Z": -784.0
      },
      "LocalPosition": {
        "X": 11.7800293,
        "Y": 4.61722374,
        "Z": 14.9842529
      },
      "LocalRotation": {
        "X": 0.0,
        "Y": 0.987688363,
        "Z": 0.0,
        "W": 0.156434491
      },
      "AllowedTypes": 16
    },
    {
      "Position": {
        "X": -1424.0,
        "Y": -16.0,
        "Z": -784.0
      },
      "LocalPosition": {
        "X": 14.8624268,
        "Y": 8.025909,
        "Z": 10.4525757
      },
      "LocalRotation": {
        "X": 0.0,
        "Y": 0.9953962,
        "Z": 0.0,
        "W": -0.09584573
      },
      "AllowedTypes": 16
    },
    {
      "Position": {
        "X": -1424.0,
        "Y": -16.0,
        "Z": -784.0
      },
      "LocalPosition": {
        "X": 14.50415,
        "Y": 10.488903,
        "Z": 15.9642944
      },
      "LocalRotation": {
        "X": 0.0,
        "Y": 0.309017062,
        "Z": 0.0,
        "W": -0.95105654
      },
      "AllowedTypes": 16
    }
  ]
}