{
  "TotalSpawnPoint": 2,
  "SpawnPoints": [
    {
      "Position": {
        "X": -1424.0,
        "Y": 16.0,
        "Z": -688.0
      },
      "LocalPosition": {
        "X": 0.837036133,
        "Y": 13.1270008,
        "Z": 0.8280029
      },
      "LocalRotation": {
        "X": -0.000375367759,
        "Y": -0.3689435,
        "Z": 0.000945531647,
        "W": 0.9294513
      },
      "AllowedTypes": 1
    },
    {
      "Position": {
        "X": -1424.0,
        "Y": 16.0,
        "Z": -688.0
      },
      "LocalPosition": {
        "X": 2.52197266,
        "Y": 13.23,
        "Z": -4.921997
      },
      "LocalRotation": {
        "X": -0.03493584,
        "Y": -0.367285967,
        "Z": 0.0880111,
        "W": 0.925275445
      },
      "AllowedTypes": 1
    }
  ]
}