{
  "TotalSpawnPoint": 2,
  "SpawnPoints": [
    {
      "Position": {
        "X": -1168.0,
        "Y": 48.0,
        "Z": 688.0
      },
      "LocalPosition": {
        "X": 9.19812,
        "Y": 13.2155762,
        "Z": -13.765625
      },
      "LocalRotation": {
        "X": 0.0649314448,
        "Y": 0.9875804,
        "Z": 0.114032693,
        "W": -0.08640224
      },
      "AllowedTypes": 1
    },
    {
      "Position": {
        "X": -1168.0,
        "Y": 48.0,
        "Z": 688.0
      },
      "LocalPosition": {
        "X": 10.9938965,
        "Y": 12.8972168,
        "Z": -12.74292
      },
      "LocalRotation": {
        "X": -0.236141145,
        "Y": 0.962822,
        "Z": -0.11259751,
        "W": 0.067327
      },
      "AllowedTypes": 1
    }
  ]
}