{
  "TotalSpawnPoint": 2,
  "SpawnPoints": [
    {
      "Position": {
        "X": -1072.0,
        "Y": -176.0,
        "Z": -592.0
      },
      "LocalPosition": {
        "X": -13.7629395,
        "Y": 8.401855,
        "Z": -15.9471436
      },
      "LocalRotation": {
        "X": -0.2667423,
        "Y": 0.8082697,
        "Z": -0.005687222,
        "W": -0.5248965
      },
      "AllowedTypes": 3
    },
    {
      "Position": {
        "X": -1072.0,
        "Y": -176.0,
        "Z": -592.0
      },
      "LocalPosition": {
        "X": -12.7146,
        "Y": 8.904053,
        "Z": 1.82971191
      },
      "LocalRotation": {
        "X": -0.158306137,
        "Y": 0.228840515,
        "Z": 0.118327767,
        "W": 0.953189254
      },
      "AllowedTypes": 3
    }
  ]
}