{
  "TotalSpawnPoint": 3,
  "SpawnPoints": [
    {
      "Position": {
        "X": -784.0,
        "Y": -144.0,
        "Z": -1360.0
      },
      "LocalPosition": {
        "X": 11.30835,
        "Y": -6.604767,
        "Z": 5.290283
      },
      "LocalRotation": {
        "X": 0.0,
        "Y": 0.848048031,
        "Z": 0.0,
        "W": -0.5299193
      },
      "AllowedTypes": 16
    },
    {
      "Position": {
        "X": -784.0,
        "Y": -144.0,
        "Z": -1360.0
      },
      "LocalPosition": {
        "X": 15.57251,
        "Y": -6.20346069,
        "Z": 8.663086
      },
      "LocalRotation": {
        "X": 0.0,
        "Y": 0.9612617,
        "Z": 0.0,
        "W": 0.2756374
      },
      "AllowedTypes": 16
    },
    {
      "Position": {
        "X": -784.0,
        "Y": -144.0,
        "Z": -1360.0
      },
      "LocalPosition": {
        "X": 14.72522,
        "Y": 4.47749329,
        "Z": 11.2148438
      },
      "LocalRotation": {
        "X": 0.0,
        "Y": 0.898794055,
        "Z": 0.0,
        "W": -0.438371122
      },
      "AllowedTypes": 16
    }
  ]
}