{
  "TotalSpawnPoint": 2,
  "SpawnPoints": [
    {
      "Position": {
        "X": -784.0,
        "Y": 16.0,
        "Z": -1072.0
      },
      "LocalPosition": {
        "X": 14.4833984,
        "Y": 2.39697266,
        "Z": 3.28759766
      },
      "LocalRotation": {
        "X": 0.169711709,
        "Y": 0.09190631,
        "Z": 0.227397382,
        "W": -0.954485
      },
      "AllowedTypes": 16
    },
    {
      "Position": {
        "X": -784.0,
        "Y": 16.0,
        "Z": -1072.0
      },
      "LocalPosition": {
        "X": 15.53064,
        "Y": 2.4465332,
        "Z": 7.52319336
      },
      "LocalRotation": {
        "X": 0.182014629,
        "Y": 0.444530845,
        "Z": -0.200141609,
        "W": 0.8539358
      },
      "AllowedTypes": 16
    }
  ]
}