{
  "TotalSpawnPoint": 2,
  "SpawnPoints": [
    {
      "Position": {
        "X": -624.0,
        "Y": 16.0,
        "Z": 48.0
      },
      "LocalPosition": {
        "X": -5.15039063,
        "Y": 15.90707,
        "Z": 10.9500427
      },
      "LocalRotation": {
        "X": 0.320609748,
        "Y": 0.153206334,
        "Z": -0.629413068,
        "W": 0.691069
      },
      "AllowedTypes": 16
    },
    {
      "Position": {
        "X": -624.0,
        "Y": 16.0,
        "Z": 48.0
      },
      "LocalPosition": {
        "X": -9.373047,
        "Y": 15.6486816,
        "Z": 12.5361328
      },
      "LocalRotation": {
        "X": -0.0375694521,
        "Y": 0.571916759,
        "Z": -0.686907947,
        "W": 0.4468303
      },
      "AllowedTypes": 3
    }
  ]
}